method,split,seed,success,success_ci95,side_effect_violation,side_effect_violation_ci95,preference_regret,preference_regret_ci95,side_effect_recall,side_effect_recall_ci95,false_alarm,false_alarm_ci95,query_cost,query_cost_ci95,damage_rate,damage_rate_ci95,data_efficiency_proxy,data_efficiency_proxy_ci95,groups,regret_to_oracle
success_only_policy,nominal,0,0.5061,0.0233,0.1216,0.012,0.0836,0.0041,0.1984,0.0038,0.047,0.0015,0.0588,0.0008,0.0735,0.0079,0.2129,0.0022,35,0.235
success_only_policy,nominal,1,0.5126,0.0206,0.1236,0.0123,0.0836,0.0044,0.1986,0.0039,0.0458,0.0012,0.0588,0.0008,0.0725,0.0082,0.2129,0.0021,35,0.2218
success_only_policy,nominal,2,0.5092,0.0186,0.122,0.0121,0.0827,0.0044,0.2001,0.0039,0.0461,0.0014,0.0588,0.0008,0.0718,0.0078,0.2132,0.0025,35,0.2486
success_only_policy,nominal,3,0.5279,0.0186,0.1235,0.0121,0.0838,0.0046,0.1947,0.0028,0.0471,0.0015,0.0588,0.0008,0.0741,0.0083,0.2151,0.0024,35,0.202
success_only_policy,nominal,4,0.5167,0.0201,0.1217,0.0124,0.0832,0.004,0.1963,0.0039,0.0467,0.0014,0.0588,0.0008,0.0738,0.0078,0.2124,0.0023,35,0.232
success_only_policy,nominal,5,0.5116,0.0177,0.1236,0.012,0.0832,0.0041,0.1957,0.0041,0.046,0.0014,0.0588,0.0008,0.0736,0.0083,0.215,0.0021,35,0.235
success_only_policy,nominal,6,0.534,0.0206,0.1219,0.0122,0.0832,0.0045,0.1974,0.0034,0.0453,0.0014,0.0588,0.0008,0.0728,0.008,0.2143,0.0025,35,0.2078
success_only_policy,seen_shift,0,0.4857,0.0201,0.1443,0.0153,0.0886,0.0053,0.1851,0.0026,0.0509,0.0013,0.069,0.001,0.0841,0.0101,0.2027,0.003,35,0.2442
success_only_policy,seen_shift,1,0.4752,0.0189,0.1457,0.0149,0.0913,0.0054,0.1826,0.0037,0.0518,0.0013,0.069,0.001,0.0848,0.0102,0.2038,0.0024,35,0.2364
success_only_policy,seen_shift,2,0.4857,0.0182,0.1448,0.015,0.0908,0.005,0.1818,0.0029,0.0516,0.0015,0.069,0.001,0.085,0.0098,0.2007,0.0025,35,0.2248
success_only_policy,seen_shift,3,0.4874,0.0244,0.1445,0.0154,0.09,0.0054,0.1826,0.0029,0.0512,0.0011,0.069,0.001,0.0864,0.0105,0.2021,0.0027,35,0.2228
success_only_policy,seen_shift,4,0.4762,0.0241,0.1436,0.0153,0.0893,0.0052,0.1843,0.0036,0.0513,0.0011,0.069,0.001,0.0856,0.01,0.2026,0.0027,35,0.2493
success_only_policy,seen_shift,5,0.4738,0.0223,0.1439,0.0161,0.0901,0.0059,0.1835,0.0037,0.0526,0.0014,0.069,0.001,0.0859,0.0103,0.202,0.0024,35,0.2425
success_only_policy,seen_shift,6,0.4724,0.0266,0.1447,0.0154,0.0895,0.0056,0.185,0.0028,0.0527,0.0014,0.069,0.001,0.0847,0.0102,0.2039,0.0024,35,0.2432
success_only_policy,unseen_object,0,0.4541,0.0228,0.1708,0.0193,0.0959,0.0061,0.1786,0.0027,0.054,0.0013,0.0741,0.0011,0.0908,0.011,0.1982,0.0027,35,0.2381
success_only_policy,unseen_object,1,0.448,0.0218,0.1712,0.0193,0.0955,0.0061,0.1789,0.0032,0.0554,0.0012,0.0741,0.0011,0.0902,0.0112,0.197,0.0026,35,0.2646
success_only_policy,unseen_object,2,0.4595,0.0187,0.1719,0.0193,0.0969,0.0061,0.1778,0.0029,0.0546,0.0011,0.0741,0.0011,0.0917,0.0114,0.1981,0.0018,35,0.2449
success_only_policy,unseen_object,3,0.4578,0.0207,0.1717,0.0192,0.0961,0.0062,0.1784,0.0032,0.0543,0.0012,0.0741,0.0011,0.0909,0.0115,0.196,0.0026,35,0.2514
success_only_policy,unseen_object,4,0.4622,0.0201,0.1737,0.0188,0.0962,0.0067,0.177,0.0034,0.0547,0.0012,0.0741,0.0011,0.0912,0.0112,0.1977,0.0026,35,0.2561
success_only_policy,unseen_object,5,0.4527,0.0203,0.1718,0.019,0.0962,0.0061,0.178,0.0036,0.054,0.0014,0.0741,0.0011,0.0927,0.0115,0.1978,0.0027,35,0.248
success_only_policy,unseen_object,6,0.4514,0.0222,0.1707,0.0195,0.0959,0.0061,0.1808,0.0039,0.0539,0.0011,0.0741,0.0011,0.0928,0.011,0.1994,0.0029,35,0.2442
success_only_policy,unseen_side_effect,0,0.4241,0.0231,0.168,0.019,0.0979,0.0067,0.1543,0.0035,0.0567,0.0013,0.0784,0.0012,0.1051,0.0137,0.1921,0.0026,35,0.2527
success_only_policy,unseen_side_effect,1,0.4371,0.022,0.1675,0.0192,0.0983,0.0064,0.1545,0.0034,0.0566,0.0013,0.0784,0.0012,0.1031,0.0132,0.1941,0.0029,35,0.2408
success_only_policy,unseen_side_effect,2,0.4109,0.0223,0.1689,0.0187,0.0988,0.0067,0.152,0.0037,0.0567,0.0016,0.0784,0.0012,0.1031,0.0134,0.1923,0.0029,35,0.2878
success_only_policy,unseen_side_effect,3,0.4364,0.0224,0.1685,0.019,0.0983,0.0066,0.1549,0.0031,0.0576,0.0014,0.0784,0.0012,0.103,0.0135,0.1925,0.0023,35,0.2503
success_only_policy,unseen_side_effect,4,0.4333,0.0205,0.1688,0.0185,0.0987,0.0065,0.1556,0.0036,0.0563,0.0013,0.0784,0.0012,0.1029,0.0135,0.1927,0.0024,35,0.2609
success_only_policy,unseen_side_effect,5,0.4395,0.0296,0.169,0.0185,0.0983,0.0064,0.1545,0.0032,0.0564,0.0013,0.0784,0.0012,0.103,0.0136,0.1936,0.003,35,0.2609
success_only_policy,unseen_side_effect,6,0.431,0.0249,0.169,0.0186,0.099,0.0064,0.1562,0.0036,0.058,0.0014,0.0784,0.0012,0.1035,0.0132,0.195,0.003,35,0.2575
success_only_policy,combined_stress,0,0.4095,0.0272,0.1919,0.0221,0.106,0.0073,0.1554,0.003,0.0608,0.0017,0.0864,0.0014,0.1102,0.0143,0.1822,0.0026,35,0.252
success_only_policy,combined_stress,1,0.4102,0.0231,0.192,0.0224,0.1054,0.0075,0.1544,0.0035,0.0612,0.0015,0.0864,0.0014,0.1081,0.0144,0.1827,0.0026,35,0.2582
success_only_policy,combined_stress,2,0.3966,0.0211,0.1925,0.0226,0.1054,0.0077,0.1539,0.0033,0.0626,0.0012,0.0864,0.0014,0.1101,0.0144,0.1839,0.0023,35,0.2694
success_only_policy,combined_stress,3,0.3884,0.0237,0.193,0.0226,0.1058,0.0077,0.1534,0.0034,0.0609,0.0011,0.0864,0.0014,0.1086,0.0144,0.1823,0.0032,35,0.2905
success_only_policy,combined_stress,4,0.3847,0.0211,0.1918,0.0221,0.1053,0.0079,0.1529,0.004,0.062,0.0011,0.0864,0.0014,0.1103,0.0141,0.184,0.0028,35,0.2833
success_only_policy,combined_stress,5,0.3942,0.024,0.1929,0.0224,0.1068,0.0078,0.1545,0.0027,0.0604,0.0013,0.0864,0.0014,0.1097,0.0141,0.1838,0.0025,35,0.2952
success_only_policy,combined_stress,6,0.4058,0.0185,0.192,0.0219,0.1053,0.0078,0.1562,0.0024,0.0624,0.0011,0.0864,0.0014,0.1102,0.0147,0.1809,0.0026,35,0.2673
generic_pairwise_preference_model,nominal,0,0.5636,0.0226,0.097,0.0097,0.0772,0.0037,0.3213,0.0031,0.068,0.0013,0.1734,0.0008,0.0633,0.0065,0.3443,0.0027,35,0.1776
generic_pairwise_preference_model,nominal,1,0.5605,0.0167,0.0961,0.0097,0.0773,0.0036,0.3232,0.003,0.0675,0.0013,0.1734,0.0008,0.0644,0.0068,0.3451,0.0025,35,0.1738
generic_pairwise_preference_model,nominal,2,0.5619,0.0204,0.0969,0.01,0.077,0.0035,0.3223,0.0038,0.068,0.0013,0.1734,0.0008,0.0638,0.0068,0.346,0.0024,35,0.1959
generic_pairwise_preference_model,nominal,3,0.5694,0.0144,0.0971,0.0099,0.0773,0.0037,0.324,0.0034,0.0675,0.0015,0.1734,0.0008,0.0638,0.0068,0.3467,0.0028,35,0.1605
generic_pairwise_preference_model,nominal,4,0.5704,0.018,0.0971,0.0094,0.0773,0.0035,0.3239,0.0032,0.0674,0.0013,0.1734,0.0008,0.0643,0.0069,0.3461,0.0031,35,0.1782
generic_pairwise_preference_model,nominal,5,0.5558,0.022,0.0974,0.01,0.077,0.0036,0.323,0.004,0.0667,0.0013,0.1734,0.0008,0.0646,0.0069,0.3438,0.0028,35,0.1908
generic_pairwise_preference_model,nominal,6,0.5636,0.0165,0.0995,0.0097,0.0766,0.0035,0.3264,0.0033,0.0679,0.0013,0.1734,0.0008,0.0641,0.0061,0.345,0.0028,35,0.1782
generic_pairwise_preference_model,seen_shift,0,0.5395,0.0208,0.1147,0.012,0.083,0.0043,0.3124,0.0031,0.0723,0.0013,0.1836,0.001,0.0741,0.0085,0.3358,0.0031,35,0.1905
generic_pairwise_preference_model,seen_shift,1,0.5269,0.0197,0.116,0.0123,0.0839,0.0044,0.3134,0.0034,0.0738,0.0012,0.1836,0.001,0.0746,0.0085,0.3353,0.0031,35,0.1847
generic_pairwise_preference_model,seen_shift,2,0.5177,0.0187,0.1164,0.0119,0.0834,0.0044,0.3128,0.0036,0.0734,0.0012,0.1836,0.001,0.0743,0.0085,0.3357,0.0028,35,0.1929
generic_pairwise_preference_model,seen_shift,3,0.5245,0.0227,0.1153,0.012,0.0834,0.0044,0.3094,0.0041,0.0739,0.0014,0.1836,0.001,0.0746,0.0087,0.3346,0.0024,35,0.1857
generic_pairwise_preference_model,seen_shift,4,0.5374,0.0162,0.114,0.0126,0.0833,0.0042,0.3098,0.0028,0.0727,0.0011,0.1836,0.001,0.0741,0.0087,0.3326,0.0025,35,0.1881
generic_pairwise_preference_model,seen_shift,5,0.5279,0.0204,0.1154,0.012,0.0823,0.0041,0.3099,0.003,0.0722,0.0016,0.1836,0.001,0.0751,0.0084,0.3322,0.0029,35,0.1884
generic_pairwise_preference_model,seen_shift,6,0.5374,0.0194,0.1146,0.0123,0.0825,0.0047,0.3129,0.0031,0.0734,0.0013,0.1836,0.001,0.0754,0.0086,0.3357,0.0031,35,0.1782
generic_pairwise_preference_model,unseen_object,0,0.5095,0.0223,0.1362,0.0149,0.0876,0.0049,0.3053,0.0033,0.0755,0.0012,0.1887,0.0011,0.0793,0.0095,0.3281,0.0025,35,0.1827
generic_pairwise_preference_model,unseen_object,1,0.5116,0.0198,0.1357,0.0157,0.0878,0.0049,0.3062,0.0038,0.0751,0.0012,0.1887,0.0011,0.0801,0.0095,0.3271,0.0025,35,0.201
generic_pairwise_preference_model,unseen_object,2,0.5071,0.0169,0.1359,0.0156,0.0864,0.0047,0.3068,0.0024,0.0746,0.0014,0.1887,0.0011,0.0781,0.0098,0.3278,0.0028,35,0.1973
generic_pairwise_preference_model,unseen_object,3,0.5099,0.02,0.1351,0.0149,0.088,0.0048,0.306,0.0035,0.0744,0.0014,0.1887,0.0011,0.0779,0.0098,0.3294,0.0029,35,0.1993
generic_pairwise_preference_model,unseen_object,4,0.4949,0.0144,0.1375,0.0154,0.0892,0.005,0.3064,0.0032,0.0753,0.0012,0.1887,0.0011,0.0807,0.0095,0.327,0.0023,35,0.2235
generic_pairwise_preference_model,unseen_object,5,0.5109,0.0204,0.1377,0.015,0.0879,0.0049,0.3096,0.0035,0.0759,0.001,0.1887,0.0011,0.0797,0.0096,0.3298,0.003,35,0.1898
generic_pairwise_preference_model,unseen_object,6,0.5054,0.0234,0.1353,0.0151,0.0878,0.005,0.3051,0.003,0.0763,0.0011,0.1887,0.0011,0.0792,0.0093,0.329,0.0024,35,0.1901
generic_pairwise_preference_model,unseen_side_effect,0,0.5136,0.0218,0.1342,0.0151,0.0897,0.005,0.2824,0.0035,0.0771,0.0011,0.193,0.0012,0.0901,0.0115,0.322,0.0028,35,0.1633
generic_pairwise_preference_model,unseen_side_effect,1,0.4735,0.0216,0.135,0.0153,0.0907,0.0053,0.2837,0.0035,0.0788,0.0016,0.193,0.0012,0.0899,0.0111,0.325,0.0026,35,0.2044
generic_pairwise_preference_model,unseen_side_effect,2,0.4932,0.0223,0.1342,0.0149,0.09,0.0049,0.2842,0.0032,0.0781,0.0012,0.193,0.0012,0.0894,0.0111,0.3229,0.0021,35,0.2054
generic_pairwise_preference_model,unseen_side_effect,3,0.4946,0.0198,0.1343,0.015,0.0889,0.0053,0.2843,0.0037,0.0778,0.0011,0.193,0.0012,0.09,0.0114,0.3219,0.0024,35,0.1922
generic_pairwise_preference_model,unseen_side_effect,4,0.5099,0.0259,0.1346,0.0155,0.0895,0.0054,0.2818,0.0034,0.0786,0.0013,0.193,0.0012,0.0897,0.0109,0.3256,0.0025,35,0.1844
generic_pairwise_preference_model,unseen_side_effect,5,0.4956,0.0162,0.1341,0.0151,0.0885,0.0055,0.2841,0.0034,0.0793,0.0013,0.193,0.0012,0.0892,0.0109,0.3236,0.0022,35,0.2048
generic_pairwise_preference_model,unseen_side_effect,6,0.4867,0.0203,0.1344,0.0148,0.088,0.0053,0.283,0.0033,0.0776,0.0013,0.193,0.0012,0.09,0.0115,0.3225,0.0026,35,0.2017
generic_pairwise_preference_model,combined_stress,0,0.4588,0.0245,0.1534,0.0178,0.0959,0.0062,0.2814,0.0026,0.0824,0.0015,0.201,0.0014,0.0944,0.0116,0.3147,0.0025,35,0.2027
generic_pairwise_preference_model,combined_stress,1,0.4527,0.024,0.1525,0.0176,0.0953,0.006,0.2835,0.0033,0.0819,0.0013,0.201,0.0014,0.0943,0.0116,0.3127,0.0023,35,0.2156
generic_pairwise_preference_model,combined_stress,2,0.4527,0.021,0.1542,0.0173,0.0945,0.0064,0.2806,0.0032,0.0819,0.0013,0.201,0.0014,0.0943,0.0118,0.3142,0.0026,35,0.2133
generic_pairwise_preference_model,combined_stress,3,0.4534,0.0216,0.1526,0.0179,0.0955,0.0063,0.2846,0.0032,0.0818,0.0015,0.201,0.0014,0.0937,0.0122,0.3153,0.0022,35,0.2255
generic_pairwise_preference_model,combined_stress,4,0.4646,0.0234,0.1528,0.0173,0.0952,0.006,0.283,0.0032,0.0829,0.0015,0.201,0.0014,0.094,0.012,0.3142,0.0029,35,0.2034
generic_pairwise_preference_model,combined_stress,5,0.4408,0.0282,0.1522,0.0183,0.0952,0.0061,0.2859,0.0037,0.0824,0.0015,0.201,0.0014,0.0944,0.0119,0.3161,0.0024,35,0.2486
generic_pairwise_preference_model,combined_stress,6,0.4704,0.0181,0.1526,0.0182,0.0967,0.0064,0.283,0.0031,0.0825,0.0014,0.201,0.0014,0.0932,0.0118,0.3145,0.0024,35,0.2027
reward_model_rlhf_surrogate,nominal,0,0.5871,0.0216,0.0919,0.0088,0.0767,0.0034,0.3533,0.0034,0.0712,0.0017,0.1836,0.0008,0.0617,0.0061,0.371,0.0022,35,0.1541
reward_model_rlhf_surrogate,nominal,1,0.5813,0.0183,0.0907,0.0093,0.0772,0.0034,0.3522,0.0035,0.07,0.0012,0.1836,0.0008,0.0628,0.0062,0.3704,0.0027,35,0.1531
reward_model_rlhf_surrogate,nominal,2,0.5932,0.0162,0.0907,0.0092,0.0756,0.0034,0.3523,0.0036,0.0705,0.0011,0.1836,0.0008,0.0623,0.0064,0.3675,0.0028,35,0.1646
reward_model_rlhf_surrogate,nominal,3,0.601,0.0193,0.091,0.0095,0.0752,0.003,0.3526,0.0033,0.0703,0.0011,0.1836,0.0008,0.0614,0.0063,0.3712,0.0027,35,0.1289
reward_model_rlhf_surrogate,nominal,4,0.5718,0.0169,0.0921,0.009,0.0759,0.0034,0.351,0.0035,0.0705,0.0012,0.1836,0.0008,0.0614,0.0064,0.3701,0.0032,35,0.1769
reward_model_rlhf_surrogate,nominal,5,0.5861,0.0204,0.0932,0.0094,0.0758,0.0033,0.3508,0.0036,0.0696,0.0011,0.1836,0.0008,0.062,0.0061,0.3701,0.0023,35,0.1605
reward_model_rlhf_surrogate,nominal,6,0.5714,0.0159,0.0917,0.0088,0.0762,0.0032,0.3524,0.0035,0.0701,0.0013,0.1836,0.0008,0.0626,0.0061,0.37,0.0024,35,0.1704
reward_model_rlhf_surrogate,seen_shift,0,0.5361,0.0198,0.1067,0.0116,0.0803,0.0042,0.3435,0.0043,0.0764,0.0013,0.1938,0.001,0.0731,0.0077,0.3604,0.0023,35,0.1939
reward_model_rlhf_surrogate,seen_shift,1,0.5473,0.0194,0.1067,0.0114,0.0816,0.0038,0.3406,0.0029,0.0754,0.0015,0.1938,0.001,0.0706,0.0085,0.3587,0.0032,35,0.1643
reward_model_rlhf_surrogate,seen_shift,2,0.5439,0.0208,0.1084,0.0116,0.0816,0.0038,0.3366,0.0032,0.0757,0.0011,0.1938,0.001,0.0725,0.0077,0.3587,0.0023,35,0.1667
reward_model_rlhf_surrogate,seen_shift,3,0.5446,0.0201,0.1088,0.0116,0.0811,0.0039,0.3373,0.003,0.0754,0.0014,0.1938,0.001,0.0706,0.0079,0.3605,0.0026,35,0.1656
reward_model_rlhf_surrogate,seen_shift,4,0.5347,0.021,0.1065,0.0117,0.0791,0.0045,0.3393,0.0031,0.0741,0.0012,0.1938,0.001,0.0707,0.0081,0.359,0.003,35,0.1908
reward_model_rlhf_surrogate,seen_shift,5,0.5728,0.0163,0.1077,0.0115,0.0807,0.0045,0.3406,0.0033,0.0762,0.0012,0.1938,0.001,0.0727,0.0081,0.3584,0.0022,35,0.1435
reward_model_rlhf_surrogate,seen_shift,6,0.5347,0.019,0.1083,0.0114,0.0823,0.0041,0.3421,0.0033,0.0754,0.0012,0.1938,0.001,0.0717,0.008,0.3597,0.0026,35,0.181
reward_model_rlhf_surrogate,unseen_object,0,0.5541,0.0193,0.1283,0.0146,0.0846,0.0047,0.3337,0.003,0.0784,0.0015,0.1989,0.0011,0.0773,0.0089,0.3534,0.0032,35,0.1381
reward_model_rlhf_surrogate,unseen_object,1,0.5218,0.0188,0.1279,0.0143,0.0855,0.0045,0.3315,0.0033,0.0788,0.0015,0.1989,0.0011,0.0769,0.0084,0.3544,0.0024,35,0.1908
reward_model_rlhf_surrogate,unseen_object,2,0.532,0.0212,0.128,0.0145,0.0856,0.0049,0.3335,0.0034,0.078,0.0015,0.1989,0.0011,0.0767,0.0089,0.3556,0.0023,35,0.1724
reward_model_rlhf_surrogate,unseen_object,3,0.5269,0.0182,0.127,0.0146,0.0844,0.0045,0.3342,0.0035,0.0791,0.0013,0.1989,0.0011,0.0772,0.0089,0.3531,0.0033,35,0.1823
reward_model_rlhf_surrogate,unseen_object,4,0.533,0.018,0.128,0.0146,0.0846,0.0046,0.3344,0.0039,0.079,0.0013,0.1989,0.0011,0.0772,0.0088,0.3512,0.0029,35,0.1854
reward_model_rlhf_surrogate,unseen_object,5,0.5211,0.0221,0.1288,0.0143,0.086,0.0044,0.3337,0.0032,0.0782,0.0016,0.1989,0.0011,0.0768,0.0091,0.3564,0.003,35,0.1796
reward_model_rlhf_surrogate,unseen_object,6,0.5361,0.0201,0.1284,0.0147,0.0857,0.0044,0.3333,0.0031,0.0789,0.0013,0.1989,0.0011,0.0772,0.0088,0.3558,0.0026,35,0.1595
reward_model_rlhf_surrogate,unseen_side_effect,0,0.4963,0.0192,0.1269,0.0144,0.0872,0.005,0.3127,0.0031,0.0819,0.0011,0.2032,0.0012,0.085,0.0108,0.351,0.0021,35,0.1806
reward_model_rlhf_surrogate,unseen_side_effect,1,0.5048,0.0178,0.127,0.014,0.0868,0.0051,0.3105,0.0035,0.0813,0.0013,0.2032,0.0012,0.087,0.0104,0.3475,0.0028,35,0.1731
reward_model_rlhf_surrogate,unseen_side_effect,2,0.515,0.0245,0.1272,0.014,0.087,0.0052,0.3114,0.0034,0.0792,0.0013,0.2032,0.0012,0.0852,0.0104,0.3475,0.0028,35,0.1837
reward_model_rlhf_surrogate,unseen_side_effect,3,0.5068,0.0206,0.1263,0.0145,0.0863,0.005,0.3141,0.004,0.0804,0.0014,0.2032,0.0012,0.0879,0.0102,0.3487,0.0026,35,0.1799
reward_model_rlhf_surrogate,unseen_side_effect,4,0.5197,0.023,0.1273,0.0142,0.087,0.0052,0.3106,0.0037,0.081,0.0014,0.2032,0.0012,0.0859,0.0109,0.348,0.0028,35,0.1745
reward_model_rlhf_surrogate,unseen_side_effect,5,0.5303,0.0203,0.1267,0.0143,0.0868,0.0056,0.3102,0.0035,0.08,0.0015,0.2032,0.0012,0.0864,0.0106,0.3486,0.0023,35,0.1701
reward_model_rlhf_surrogate,unseen_side_effect,6,0.5014,0.0238,0.1273,0.0145,0.0855,0.005,0.3136,0.0041,0.0809,0.0009,0.2032,0.0012,0.0862,0.0108,0.3467,0.0025,35,0.1871
reward_model_rlhf_surrogate,combined_stress,0,0.4741,0.0237,0.1439,0.0165,0.0918,0.0057,0.3108,0.0026,0.0845,0.0014,0.2112,0.0014,0.0898,0.0115,0.3407,0.0027,35,0.1874
reward_model_rlhf_surrogate,combined_stress,1,0.4718,0.0174,0.1443,0.0167,0.0915,0.0059,0.3067,0.004,0.0851,0.0013,0.2112,0.0014,0.0903,0.0115,0.34,0.0027,35,0.1966
reward_model_rlhf_surrogate,combined_stress,2,0.4745,0.0241,0.1441,0.0163,0.0921,0.0058,0.3113,0.003,0.0851,0.0014,0.2112,0.0014,0.0904,0.0116,0.3388,0.0036,35,0.1915
reward_model_rlhf_surrogate,combined_stress,3,0.4823,0.0245,0.1437,0.0163,0.0924,0.0055,0.3102,0.0032,0.0864,0.0016,0.2112,0.0014,0.0901,0.011,0.3422,0.0025,35,0.1966
reward_model_rlhf_surrogate,combined_stress,4,0.4864,0.024,0.1441,0.0168,0.0937,0.0059,0.3101,0.0039,0.0853,0.0014,0.2112,0.0014,0.0912,0.0106,0.3404,0.0024,35,0.1816
reward_model_rlhf_surrogate,combined_stress,5,0.4592,0.019,0.142,0.0171,0.093,0.0057,0.3099,0.0032,0.0853,0.0014,0.2112,0.0014,0.0901,0.0113,0.3375,0.0029,35,0.2303
reward_model_rlhf_surrogate,combined_stress,6,0.483,0.0249,0.1438,0.0165,0.0923,0.0063,0.3123,0.003,0.0849,0.0012,0.2112,0.0014,0.0916,0.0112,0.3411,0.0026,35,0.1901
uncertainty_query_preference_learner,nominal,0,0.5759,0.0192,0.0775,0.0073,0.0728,0.0027,0.437,0.0036,0.0722,0.0016,0.3245,0.0008,0.0563,0.0054,0.4629,0.0026,35,0.1653
uncertainty_query_preference_learner,nominal,1,0.5793,0.0212,0.0747,0.0078,0.0717,0.0032,0.4362,0.0032,0.0718,0.0011,0.3245,0.0008,0.0566,0.0055,0.4583,0.0034,35,0.1551
uncertainty_query_preference_learner,nominal,2,0.5803,0.0185,0.0752,0.0079,0.0717,0.0031,0.4393,0.0033,0.0718,0.0014,0.3245,0.0008,0.0572,0.0057,0.4619,0.0033,35,0.1776
uncertainty_query_preference_learner,nominal,3,0.5881,0.0183,0.0767,0.0082,0.0716,0.003,0.4374,0.0045,0.0733,0.0011,0.3245,0.0008,0.0572,0.0053,0.4601,0.0025,35,0.1418
uncertainty_query_preference_learner,nominal,4,0.5694,0.0209,0.0773,0.0076,0.0716,0.0028,0.4391,0.0035,0.0716,0.0014,0.3245,0.0008,0.0564,0.0054,0.4614,0.0023,35,0.1793
uncertainty_query_preference_learner,nominal,5,0.5884,0.0165,0.0763,0.0082,0.0723,0.0029,0.4383,0.003,0.0718,0.0017,0.3245,0.0008,0.0566,0.0055,0.4617,0.0031,35,0.1582
uncertainty_query_preference_learner,nominal,6,0.5782,0.0207,0.0761,0.0078,0.0716,0.0027,0.4405,0.0029,0.0719,0.0014,0.3245,0.0008,0.0572,0.005,0.4621,0.0023,35,0.1636
uncertainty_query_preference_learner,seen_shift,0,0.5422,0.0205,0.0911,0.0098,0.0767,0.0033,0.425,0.0032,0.076,0.0014,0.3347,0.001,0.0652,0.0067,0.4495,0.0025,35,0.1878
uncertainty_query_preference_learner,seen_shift,1,0.5517,0.0225,0.0915,0.01,0.0774,0.0034,0.4253,0.0034,0.077,0.0012,0.3347,0.001,0.0652,0.0067,0.4529,0.0024,35,0.1599
uncertainty_query_preference_learner,seen_shift,2,0.5418,0.02,0.0911,0.0099,0.0762,0.0039,0.4233,0.0026,0.0768,0.0014,0.3347,0.001,0.065,0.0068,0.4497,0.0029,35,0.1687
uncertainty_query_preference_learner,seen_shift,3,0.5415,0.0176,0.0919,0.0097,0.0749,0.0033,0.4267,0.0031,0.0774,0.001,0.3347,0.001,0.0656,0.0066,0.4504,0.0024,35,0.1687
uncertainty_query_preference_learner,seen_shift,4,0.5361,0.0217,0.0911,0.0098,0.0767,0.0037,0.4253,0.0029,0.0777,0.0014,0.3347,0.001,0.0645,0.0072,0.4513,0.003,35,0.1895
uncertainty_query_preference_learner,seen_shift,5,0.55,0.0199,0.0912,0.0099,0.0756,0.0035,0.4243,0.0033,0.0767,0.0017,0.3347,0.001,0.0642,0.0071,0.4512,0.0029,35,0.1663
uncertainty_query_preference_learner,seen_shift,6,0.5418,0.0189,0.0901,0.0095,0.0767,0.0031,0.4248,0.003,0.0777,0.0014,0.3347,0.001,0.0647,0.0071,0.449,0.0025,35,0.1738
uncertainty_query_preference_learner,unseen_object,0,0.5099,0.0209,0.1078,0.0124,0.0809,0.0038,0.4206,0.0031,0.0802,0.0016,0.3398,0.0011,0.0702,0.0071,0.4471,0.0024,35,0.1823
uncertainty_query_preference_learner,unseen_object,1,0.5367,0.0145,0.107,0.0121,0.0809,0.004,0.419,0.0034,0.0797,0.0014,0.3398,0.0011,0.0696,0.0078,0.4457,0.0029,35,0.1759
uncertainty_query_preference_learner,unseen_object,2,0.535,0.019,0.1073,0.0121,0.0795,0.004,0.4181,0.003,0.081,0.0012,0.3398,0.0011,0.0694,0.0074,0.444,0.0026,35,0.1694
uncertainty_query_preference_learner,unseen_object,3,0.532,0.0247,0.1068,0.0124,0.0804,0.0042,0.4211,0.0035,0.0802,0.0014,0.3398,0.0011,0.0692,0.0076,0.4457,0.003,35,0.1772
uncertainty_query_preference_learner,unseen_object,4,0.5245,0.0186,0.1076,0.0126,0.0791,0.0047,0.4189,0.0035,0.0801,0.0013,0.3398,0.0011,0.0686,0.0075,0.4448,0.0034,35,0.1939
uncertainty_query_preference_learner,unseen_object,5,0.5405,0.018,0.1071,0.0129,0.0797,0.0041,0.4197,0.0032,0.0799,0.0012,0.3398,0.0011,0.0693,0.0074,0.4472,0.0027,35,0.1602
uncertainty_query_preference_learner,unseen_object,6,0.5381,0.0184,0.107,0.0122,0.08,0.0038,0.4189,0.0037,0.0804,0.0016,0.3398,0.0011,0.0705,0.0076,0.4445,0.0027,35,0.1575
uncertainty_query_preference_learner,unseen_side_effect,0,0.5252,0.0214,0.1077,0.0121,0.082,0.0041,0.3983,0.0033,0.0833,0.0013,0.3442,0.0012,0.0774,0.0093,0.4406,0.0029,35,0.1517
uncertainty_query_preference_learner,unseen_side_effect,1,0.5129,0.0198,0.1073,0.0122,0.0823,0.0043,0.3969,0.0029,0.0817,0.0012,0.3442,0.0012,0.0767,0.0091,0.4391,0.0027,35,0.165
uncertainty_query_preference_learner,unseen_side_effect,2,0.5105,0.0202,0.1058,0.0121,0.0807,0.0043,0.3981,0.0033,0.082,0.0012,0.3442,0.0012,0.0773,0.0092,0.4389,0.0028,35,0.1881
uncertainty_query_preference_learner,unseen_side_effect,3,0.5194,0.0178,0.105,0.0125,0.081,0.0042,0.3965,0.0033,0.0833,0.0011,0.3442,0.0012,0.0767,0.0088,0.4427,0.0026,35,0.1673
uncertainty_query_preference_learner,unseen_side_effect,4,0.5105,0.0197,0.1066,0.0121,0.082,0.0043,0.3979,0.0038,0.0831,0.0011,0.3442,0.0012,0.0771,0.0093,0.4432,0.0027,35,0.1837
uncertainty_query_preference_learner,unseen_side_effect,5,0.5088,0.0235,0.108,0.0119,0.0821,0.0042,0.3977,0.0031,0.0821,0.0011,0.3442,0.0012,0.0773,0.009,0.4418,0.003,35,0.1915
uncertainty_query_preference_learner,unseen_side_effect,6,0.4908,0.0207,0.1058,0.0121,0.0822,0.0039,0.3981,0.0029,0.0829,0.0012,0.3442,0.0012,0.0777,0.0095,0.4407,0.0025,35,0.1976
uncertainty_query_preference_learner,combined_stress,0,0.485,0.0162,0.1212,0.0143,0.0849,0.0048,0.3965,0.0033,0.0877,0.0011,0.3522,0.0014,0.0808,0.01,0.4309,0.003,35,0.1765
uncertainty_query_preference_learner,combined_stress,1,0.482,0.0185,0.1215,0.015,0.0865,0.0053,0.3982,0.0022,0.0875,0.0011,0.3522,0.0014,0.0806,0.0098,0.4297,0.0023,35,0.1864
uncertainty_query_preference_learner,combined_stress,2,0.4918,0.0207,0.1202,0.0139,0.0859,0.0049,0.3952,0.003,0.0868,0.0016,0.3522,0.0014,0.0803,0.0092,0.4276,0.0024,35,0.1741
uncertainty_query_preference_learner,combined_stress,3,0.4701,0.0299,0.1231,0.0143,0.0867,0.0051,0.3972,0.0036,0.0879,0.0012,0.3522,0.0014,0.0809,0.0094,0.4335,0.0024,35,0.2088
uncertainty_query_preference_learner,combined_stress,4,0.4884,0.0215,0.1205,0.0143,0.0856,0.0048,0.3952,0.0044,0.0868,0.0012,0.3522,0.0014,0.0801,0.0099,0.4333,0.0026,35,0.1796
uncertainty_query_preference_learner,combined_stress,5,0.4772,0.0184,0.1211,0.0147,0.0861,0.0053,0.3966,0.0029,0.0871,0.0014,0.3522,0.0014,0.0813,0.0098,0.4319,0.0028,35,0.2122
uncertainty_query_preference_learner,combined_stress,6,0.5031,0.0179,0.1202,0.0144,0.0842,0.005,0.3967,0.0034,0.0861,0.0012,0.3522,0.0014,0.0794,0.0097,0.4296,0.0024,35,0.1701
constraint_aware_planner,nominal,0,0.5908,0.0166,0.0676,0.0064,0.0703,0.0027,0.4477,0.0036,0.0902,0.0012,0.2508,0.0008,0.047,0.0037,0.4714,0.0024,35,0.1503
constraint_aware_planner,nominal,1,0.5895,0.0168,0.0656,0.0069,0.0697,0.0026,0.4495,0.0038,0.0897,0.0015,0.2508,0.0008,0.0471,0.0038,0.4719,0.0029,35,0.1449
constraint_aware_planner,nominal,2,0.5888,0.0174,0.0673,0.0066,0.0694,0.0027,0.4473,0.0028,0.0881,0.0011,0.2508,0.0008,0.046,0.0035,0.471,0.0029,35,0.169
constraint_aware_planner,nominal,3,0.6014,0.0189,0.0672,0.0064,0.0696,0.0026,0.4466,0.0033,0.0895,0.0013,0.2508,0.0008,0.0464,0.0037,0.4695,0.003,35,0.1286
constraint_aware_planner,nominal,4,0.5867,0.017,0.0681,0.0067,0.0709,0.0028,0.4442,0.0031,0.0885,0.0016,0.2508,0.0008,0.0465,0.0038,0.4705,0.0033,35,0.1619
constraint_aware_planner,nominal,5,0.5857,0.0203,0.0678,0.0065,0.0701,0.0026,0.4456,0.0029,0.0885,0.0013,0.2508,0.0008,0.0454,0.0036,0.4738,0.0019,35,0.1609
constraint_aware_planner,nominal,6,0.5755,0.0166,0.0676,0.0065,0.0692,0.0024,0.4469,0.0034,0.0885,0.0014,0.2508,0.0008,0.046,0.004,0.4711,0.0027,35,0.1663
constraint_aware_planner,seen_shift,0,0.5537,0.0158,0.0776,0.0078,0.0743,0.003,0.4313,0.0038,0.0958,0.0014,0.2609,0.001,0.0522,0.0042,0.4612,0.0032,35,0.1762
constraint_aware_planner,seen_shift,1,0.5595,0.0205,0.0781,0.0083,0.0752,0.0035,0.4349,0.0031,0.0949,0.0012,0.2609,0.001,0.0518,0.0049,0.4582,0.0019,35,0.152
constraint_aware_planner,seen_shift,2,0.5507,0.0209,0.0777,0.0082,0.0739,0.0026,0.43,0.0032,0.0946,0.0015,0.2609,0.001,0.0511,0.0046,0.4598,0.003,35,0.1599
constraint_aware_planner,seen_shift,3,0.5476,0.0168,0.0782,0.0083,0.0732,0.0031,0.4333,0.0034,0.0949,0.0013,0.2609,0.001,0.0517,0.0049,0.4594,0.0026,35,0.1626
constraint_aware_planner,seen_shift,4,0.5571,0.0226,0.0783,0.0083,0.0731,0.003,0.4321,0.003,0.0955,0.0016,0.2609,0.001,0.0518,0.0049,0.459,0.0024,35,0.1684
constraint_aware_planner,seen_shift,5,0.5524,0.022,0.0777,0.008,0.0744,0.0036,0.4324,0.0038,0.0948,0.001,0.2609,0.001,0.0528,0.0047,0.4585,0.0022,35,0.1639
constraint_aware_planner,seen_shift,6,0.5616,0.0218,0.0792,0.0088,0.0739,0.0029,0.4334,0.0035,0.0944,0.0013,0.2609,0.001,0.0519,0.005,0.4582,0.0025,35,0.1541
constraint_aware_planner,unseen_object,0,0.5469,0.0176,0.0944,0.0105,0.0776,0.0035,0.4272,0.0032,0.0973,0.0016,0.266,0.0011,0.0554,0.0049,0.4551,0.0022,35,0.1452
constraint_aware_planner,unseen_object,1,0.5517,0.0196,0.0952,0.0106,0.0777,0.0036,0.4318,0.0033,0.0989,0.0012,0.266,0.0011,0.0543,0.0054,0.4541,0.0025,35,0.1609
constraint_aware_planner,unseen_object,2,0.5354,0.0194,0.0947,0.0105,0.0781,0.0033,0.4287,0.0033,0.0973,0.0013,0.266,0.0011,0.0545,0.005,0.4531,0.0025,35,0.169
constraint_aware_planner,unseen_object,3,0.5405,0.017,0.0933,0.011,0.0774,0.0033,0.4287,0.0033,0.0974,0.0014,0.266,0.0011,0.0546,0.0053,0.4519,0.0023,35,0.1687
constraint_aware_planner,unseen_object,4,0.534,0.0211,0.0934,0.0104,0.078,0.0033,0.4293,0.004,0.098,0.0014,0.266,0.0011,0.0557,0.0051,0.4553,0.0027,35,0.1844
constraint_aware_planner,unseen_object,5,0.5245,0.0158,0.0937,0.0107,0.0781,0.0035,0.4267,0.0027,0.0971,0.0015,0.266,0.0011,0.0565,0.0051,0.4529,0.003,35,0.1762
constraint_aware_planner,unseen_object,6,0.532,0.0203,0.0944,0.0106,0.0783,0.0032,0.4258,0.0027,0.0988,0.0011,0.266,0.0011,0.056,0.0048,0.4523,0.0026,35,0.1636
constraint_aware_planner,unseen_side_effect,0,0.5167,0.0197,0.0902,0.0096,0.0789,0.0035,0.4045,0.0039,0.1002,0.0012,0.2704,0.0012,0.0595,0.0059,0.4473,0.0028,35,0.1602
constraint_aware_planner,unseen_side_effect,1,0.4993,0.0203,0.0909,0.0098,0.0793,0.0036,0.4076,0.0031,0.1009,0.0015,0.2704,0.0012,0.0614,0.0059,0.4475,0.0023,35,0.1786
constraint_aware_planner,unseen_side_effect,2,0.5153,0.0217,0.0898,0.01,0.0778,0.0042,0.407,0.003,0.1003,0.0012,0.2704,0.0012,0.0606,0.0062,0.4515,0.0024,35,0.1833
constraint_aware_planner,unseen_side_effect,3,0.5228,0.0204,0.0904,0.0104,0.0799,0.0039,0.4088,0.0035,0.1001,0.0014,0.2704,0.0012,0.06,0.006,0.4479,0.0029,35,0.1639
constraint_aware_planner,unseen_side_effect,4,0.5272,0.0155,0.0897,0.0097,0.0787,0.0037,0.4057,0.0029,0.1,0.0011,0.2704,0.0012,0.0617,0.0063,0.4483,0.0025,35,0.167
constraint_aware_planner,unseen_side_effect,5,0.5095,0.0196,0.0893,0.0102,0.0785,0.0034,0.4054,0.0036,0.1,0.0011,0.2704,0.0012,0.0617,0.0064,0.4503,0.0026,35,0.1908
constraint_aware_planner,unseen_side_effect,6,0.5248,0.0182,0.0899,0.0097,0.0778,0.0035,0.4033,0.003,0.1007,0.0014,0.2704,0.0012,0.0603,0.0061,0.4491,0.003,35,0.1636
constraint_aware_planner,combined_stress,0,0.5034,0.0188,0.1029,0.0116,0.083,0.0044,0.406,0.0041,0.1048,0.0012,0.2784,0.0014,0.0643,0.0065,0.4408,0.003,35,0.1582
constraint_aware_planner,combined_stress,1,0.482,0.0213,0.103,0.0119,0.0831,0.0046,0.407,0.0028,0.1046,0.0013,0.2784,0.0014,0.0624,0.0066,0.4413,0.0026,35,0.1864
constraint_aware_planner,combined_stress,2,0.5122,0.0159,0.1039,0.0118,0.0843,0.0039,0.406,0.0028,0.1046,0.0012,0.2784,0.0014,0.0639,0.0064,0.4395,0.0023,35,0.1537
constraint_aware_planner,combined_stress,3,0.5095,0.0211,0.1042,0.0115,0.0838,0.0045,0.4042,0.0038,0.1038,0.0011,0.2784,0.0014,0.0631,0.0066,0.4395,0.0026,35,0.1694
constraint_aware_planner,combined_stress,4,0.4888,0.0182,0.1047,0.0122,0.0836,0.0045,0.4073,0.0042,0.1055,0.0013,0.2784,0.0014,0.0633,0.0065,0.4401,0.0029,35,0.1793
constraint_aware_planner,combined_stress,5,0.4915,0.022,0.1044,0.0108,0.0834,0.004,0.4035,0.0035,0.1044,0.0012,0.2784,0.0014,0.0633,0.0064,0.4393,0.0026,35,0.198
constraint_aware_planner,combined_stress,6,0.4724,0.0238,0.1028,0.0117,0.0829,0.004,0.4026,0.003,0.1047,0.0014,0.2784,0.0014,0.063,0.0065,0.4378,0.0024,35,0.2007
failure_prediction_shield,nominal,0,0.5813,0.0184,0.0747,0.007,0.072,0.0025,0.4269,0.0035,0.0824,0.0009,0.2303,0.0008,0.0504,0.0049,0.4466,0.0022,35,0.1599
failure_prediction_shield,nominal,1,0.5748,0.0147,0.0721,0.0073,0.0711,0.0031,0.4261,0.0026,0.0824,0.0015,0.2303,0.0008,0.0521,0.0045,0.4468,0.0022,35,0.1595
failure_prediction_shield,nominal,2,0.5884,0.023,0.0734,0.0074,0.0721,0.0025,0.4222,0.0034,0.0812,0.0013,0.2303,0.0008,0.051,0.0049,0.4439,0.0024,35,0.1694
failure_prediction_shield,nominal,3,0.5986,0.0189,0.0731,0.0072,0.0715,0.0029,0.427,0.0031,0.0834,0.0015,0.2303,0.0008,0.0508,0.0043,0.446,0.0026,35,0.1313
failure_prediction_shield,nominal,4,0.5667,0.0208,0.0723,0.007,0.0723,0.0028,0.4257,0.0032,0.0822,0.0012,0.2303,0.0008,0.0515,0.0045,0.4452,0.0022,35,0.182
failure_prediction_shield,nominal,5,0.584,0.0206,0.075,0.0073,0.0715,0.0031,0.4272,0.0023,0.082,0.0015,0.2303,0.0008,0.0511,0.0045,0.4448,0.0021,35,0.1626
failure_prediction_shield,nominal,6,0.5861,0.0196,0.0741,0.0074,0.0726,0.003,0.4256,0.0033,0.0828,0.0012,0.2303,0.0008,0.0521,0.0046,0.4449,0.0026,35,0.1558
failure_prediction_shield,seen_shift,0,0.5425,0.0221,0.0859,0.0085,0.0767,0.0034,0.4142,0.0031,0.087,0.0016,0.2405,0.001,0.0576,0.0058,0.4318,0.0026,35,0.1874
failure_prediction_shield,seen_shift,1,0.5578,0.0176,0.0849,0.0091,0.0756,0.0031,0.4149,0.0032,0.0891,0.0014,0.2405,0.001,0.058,0.0057,0.4346,0.002,35,0.1537
failure_prediction_shield,seen_shift,2,0.5517,0.0197,0.0865,0.0094,0.0761,0.0035,0.4166,0.0033,0.088,0.0014,0.2405,0.001,0.0575,0.0057,0.4351,0.003,35,0.1588
failure_prediction_shield,seen_shift,3,0.5296,0.0192,0.0861,0.0086,0.0756,0.0035,0.4122,0.003,0.0873,0.0015,0.2405,0.001,0.0577,0.0055,0.4352,0.0028,35,0.1806
failure_prediction_shield,seen_shift,4,0.5578,0.0172,0.0855,0.0093,0.0753,0.0036,0.4119,0.0029,0.087,0.0013,0.2405,0.001,0.0579,0.0057,0.4358,0.0027,35,0.1677
failure_prediction_shield,seen_shift,5,0.5714,0.0196,0.0848,0.009,0.0751,0.0035,0.4102,0.0028,0.0891,0.0013,0.2405,0.001,0.0578,0.0054,0.4367,0.0018,35,0.1449
failure_prediction_shield,seen_shift,6,0.5408,0.0158,0.0858,0.0086,0.0755,0.0035,0.4127,0.004,0.0875,0.0014,0.2405,0.001,0.0582,0.0055,0.4329,0.0026,35,0.1748
failure_prediction_shield,unseen_object,0,0.5357,0.0207,0.1008,0.0114,0.0802,0.0038,0.4083,0.0031,0.0899,0.0013,0.2456,0.0011,0.0621,0.006,0.4276,0.0025,35,0.1565
failure_prediction_shield,unseen_object,1,0.535,0.0209,0.1013,0.0113,0.0796,0.0036,0.4075,0.0029,0.0912,0.0013,0.2456,0.0011,0.0597,0.0062,0.428,0.0027,35,0.1776
failure_prediction_shield,unseen_object,2,0.5401,0.0154,0.1025,0.0117,0.0803,0.004,0.4073,0.0027,0.0905,0.0014,0.2456,0.0011,0.0616,0.006,0.4262,0.0024,35,0.1643
failure_prediction_shield,unseen_object,3,0.5405,0.02,0.1024,0.0113,0.0798,0.0038,0.4091,0.0032,0.0922,0.0016,0.2456,0.0011,0.063,0.0057,0.4264,0.0023,35,0.1687
failure_prediction_shield,unseen_object,4,0.531,0.0167,0.1013,0.0115,0.0798,0.0039,0.4081,0.0028,0.0909,0.0014,0.2456,0.0011,0.0616,0.0056,0.4277,0.0023,35,0.1874
failure_prediction_shield,unseen_object,5,0.5364,0.0193,0.1009,0.0114,0.0792,0.0037,0.409,0.0028,0.0909,0.0012,0.2456,0.0011,0.0602,0.0057,0.4279,0.0024,35,0.1643
failure_prediction_shield,unseen_object,6,0.5364,0.0175,0.1027,0.0111,0.0801,0.0039,0.4108,0.0027,0.0919,0.0013,0.2456,0.0011,0.0611,0.0059,0.4282,0.0031,35,0.1592
failure_prediction_shield,unseen_side_effect,0,0.5177,0.0223,0.0995,0.0113,0.0826,0.0039,0.3866,0.0041,0.0933,0.0015,0.2499,0.0012,0.0677,0.0072,0.4253,0.0024,35,0.1592
failure_prediction_shield,unseen_side_effect,1,0.5051,0.0211,0.0988,0.0111,0.0806,0.0042,0.3867,0.0031,0.0932,0.0015,0.2499,0.0012,0.0677,0.0075,0.4227,0.0023,35,0.1728
failure_prediction_shield,unseen_side_effect,2,0.5214,0.0252,0.0997,0.011,0.0814,0.0043,0.3839,0.0039,0.0945,0.0009,0.2499,0.0012,0.0686,0.0077,0.4245,0.0024,35,0.1772
failure_prediction_shield,unseen_side_effect,3,0.5122,0.0177,0.1002,0.0115,0.0807,0.0044,0.3868,0.0035,0.0941,0.0009,0.2499,0.0012,0.0679,0.0072,0.4207,0.0027,35,0.1745
failure_prediction_shield,unseen_side_effect,4,0.5228,0.0195,0.0987,0.0117,0.0799,0.004,0.3839,0.003,0.0932,0.0011,0.2499,0.0012,0.0676,0.007,0.4232,0.0029,35,0.1714
failure_prediction_shield,unseen_side_effect,5,0.5167,0.0229,0.0975,0.0112,0.0812,0.0044,0.3852,0.0039,0.0928,0.0012,0.2499,0.0012,0.0676,0.0073,0.4238,0.0024,35,0.1837
failure_prediction_shield,unseen_side_effect,6,0.5027,0.0201,0.0999,0.0113,0.0811,0.0041,0.3857,0.003,0.0938,0.0015,0.2499,0.0012,0.0672,0.0074,0.4228,0.0031,35,0.1857
failure_prediction_shield,combined_stress,0,0.5058,0.0175,0.115,0.0132,0.0858,0.0048,0.388,0.0036,0.0982,0.0013,0.2579,0.0014,0.0708,0.0076,0.4151,0.0025,35,0.1558
failure_prediction_shield,combined_stress,1,0.4697,0.0255,0.1129,0.0132,0.0855,0.0048,0.3864,0.0035,0.0995,0.0012,0.2579,0.0014,0.0708,0.0074,0.4154,0.0026,35,0.1986
failure_prediction_shield,combined_stress,2,0.4932,0.0209,0.1142,0.0127,0.086,0.0047,0.3831,0.0033,0.098,0.0012,0.2579,0.0014,0.0703,0.0078,0.4165,0.0025,35,0.1728
failure_prediction_shield,combined_stress,3,0.4806,0.0214,0.1126,0.0129,0.0865,0.0052,0.3855,0.0035,0.0978,0.0012,0.2579,0.0014,0.0719,0.0079,0.4139,0.0028,35,0.1983
failure_prediction_shield,combined_stress,4,0.4918,0.0227,0.1129,0.0129,0.0846,0.005,0.3812,0.0029,0.0987,0.0014,0.2579,0.0014,0.0708,0.0078,0.4152,0.0024,35,0.1762
failure_prediction_shield,combined_stress,5,0.4748,0.0203,0.1147,0.0132,0.0857,0.0046,0.3845,0.0043,0.0976,0.0014,0.2579,0.0014,0.0703,0.0079,0.4161,0.0028,35,0.2146
failure_prediction_shield,combined_stress,6,0.4929,0.0219,0.1132,0.0133,0.0873,0.0045,0.3869,0.004,0.098,0.0012,0.2579,0.0014,0.0714,0.0076,0.414,0.0028,35,0.1803
side_effect_classifier_baseline,nominal,0,0.6078,0.0148,0.0598,0.0059,0.0684,0.0025,0.5088,0.004,0.0822,0.0016,0.2407,0.0008,0.0493,0.004,0.5184,0.0027,35,0.1333
side_effect_classifier_baseline,nominal,1,0.5905,0.0171,0.059,0.0056,0.069,0.0025,0.509,0.003,0.0816,0.0015,0.2407,0.0008,0.0478,0.004,0.5179,0.0023,35,0.1439
side_effect_classifier_baseline,nominal,2,0.6,0.0245,0.0593,0.006,0.0686,0.0026,0.5073,0.0029,0.0837,0.0013,0.2407,0.0008,0.0484,0.0044,0.5152,0.0025,35,0.1578
side_effect_classifier_baseline,nominal,3,0.6221,0.018,0.0604,0.0059,0.0685,0.0025,0.5076,0.0027,0.0825,0.0013,0.2407,0.0008,0.0494,0.0038,0.5207,0.0022,35,0.1078
side_effect_classifier_baseline,nominal,4,0.6207,0.0178,0.0591,0.006,0.0683,0.0028,0.5095,0.0031,0.0822,0.0014,0.2407,0.0008,0.0487,0.0042,0.5185,0.0022,35,0.1279
side_effect_classifier_baseline,nominal,5,0.5976,0.0201,0.059,0.0059,0.0681,0.0024,0.5078,0.0036,0.0819,0.0011,0.2407,0.0008,0.0481,0.0039,0.5179,0.0025,35,0.149
side_effect_classifier_baseline,nominal,6,0.5993,0.0152,0.0588,0.0062,0.0677,0.0026,0.508,0.003,0.0817,0.0016,0.2407,0.0008,0.0481,0.0041,0.5204,0.0026,35,0.1425
side_effect_classifier_baseline,seen_shift,0,0.5891,0.0211,0.0699,0.0068,0.0714,0.0028,0.4949,0.0033,0.0882,0.0014,0.2509,0.001,0.0546,0.0052,0.5065,0.0028,35,0.1408
side_effect_classifier_baseline,seen_shift,1,0.5714,0.0237,0.0698,0.0075,0.0724,0.0031,0.4933,0.0032,0.0879,0.0016,0.2509,0.001,0.0534,0.0048,0.5067,0.0028,35,0.1401
side_effect_classifier_baseline,seen_shift,2,0.567,0.0172,0.0688,0.0071,0.0729,0.0028,0.4955,0.003,0.0882,0.0014,0.2509,0.001,0.0548,0.0053,0.5081,0.0023,35,0.1435
side_effect_classifier_baseline,seen_shift,3,0.5731,0.0221,0.0703,0.0074,0.0721,0.0032,0.4958,0.003,0.0869,0.0014,0.2509,0.001,0.0549,0.0051,0.5085,0.0026,35,0.1371
side_effect_classifier_baseline,seen_shift,4,0.5721,0.0176,0.0695,0.0072,0.0703,0.003,0.4953,0.0032,0.0862,0.0016,0.2509,0.001,0.0551,0.0051,0.5053,0.0024,35,0.1534
side_effect_classifier_baseline,seen_shift,5,0.5874,0.0171,0.0701,0.0073,0.072,0.0027,0.4972,0.0033,0.0876,0.0011,0.2509,0.001,0.0535,0.0054,0.5039,0.0028,35,0.1289
side_effect_classifier_baseline,seen_shift,6,0.5857,0.021,0.0697,0.0073,0.0702,0.0029,0.4978,0.0033,0.0874,0.0014,0.2509,0.001,0.0535,0.0049,0.5045,0.0026,35,0.1299
side_effect_classifier_baseline,unseen_object,0,0.5524,0.0224,0.0821,0.0091,0.0743,0.0039,0.4917,0.0034,0.0908,0.0014,0.256,0.0011,0.0569,0.0053,0.4995,0.0029,35,0.1398
side_effect_classifier_baseline,unseen_object,1,0.5578,0.0203,0.0818,0.0096,0.0751,0.0034,0.4901,0.0029,0.09,0.0012,0.256,0.0011,0.0566,0.0055,0.5004,0.0023,35,0.1548
side_effect_classifier_baseline,unseen_object,2,0.5622,0.0214,0.0819,0.009,0.0745,0.0032,0.4921,0.0033,0.0913,0.0017,0.256,0.0011,0.0578,0.0054,0.5019,0.003,35,0.1422
side_effect_classifier_baseline,unseen_object,3,0.5568,0.0214,0.0815,0.0091,0.0749,0.0033,0.4916,0.003,0.0907,0.0014,0.256,0.0011,0.0583,0.0057,0.4996,0.0022,35,0.1524
side_effect_classifier_baseline,unseen_object,4,0.5721,0.0192,0.0821,0.0091,0.0742,0.0031,0.4922,0.0033,0.0913,0.0012,0.256,0.0011,0.0575,0.0058,0.4996,0.0021,35,0.1463
side_effect_classifier_baseline,unseen_object,5,0.5551,0.0211,0.082,0.0094,0.075,0.0033,0.4902,0.0031,0.0898,0.0012,0.256,0.0011,0.0566,0.0059,0.5002,0.0035,35,0.1456
side_effect_classifier_baseline,unseen_object,6,0.5687,0.0194,0.0822,0.009,0.0748,0.0034,0.4899,0.003,0.09,0.0016,0.256,0.0011,0.058,0.0057,0.499,0.0025,35,0.1269
side_effect_classifier_baseline,unseen_side_effect,0,0.55,0.0206,0.0817,0.0086,0.0769,0.0036,0.4677,0.0036,0.0931,0.0011,0.2604,0.0012,0.0639,0.0068,0.4938,0.003,35,0.1269
side_effect_classifier_baseline,unseen_side_effect,1,0.5493,0.0177,0.0815,0.0091,0.0756,0.0036,0.4683,0.0036,0.093,0.001,0.2604,0.0012,0.0628,0.007,0.4959,0.0028,35,0.1286
side_effect_classifier_baseline,unseen_side_effect,2,0.5378,0.0213,0.0808,0.0092,0.0767,0.0037,0.4684,0.0029,0.0939,0.001,0.2604,0.0012,0.0626,0.0066,0.4981,0.0025,35,0.1609
side_effect_classifier_baseline,unseen_side_effect,3,0.5446,0.0173,0.0814,0.0087,0.0764,0.0032,0.4698,0.0033,0.0918,0.0014,0.2604,0.0012,0.0624,0.0066,0.4956,0.0027,35,0.1422
side_effect_classifier_baseline,unseen_side_effect,4,0.5486,0.0208,0.0807,0.0088,0.0759,0.0029,0.4708,0.0036,0.0927,0.0012,0.2604,0.0012,0.0638,0.0066,0.4953,0.0032,35,0.1456
side_effect_classifier_baseline,unseen_side_effect,5,0.5442,0.0199,0.0809,0.0091,0.0777,0.0035,0.4707,0.0029,0.0917,0.001,0.2604,0.0012,0.0633,0.0071,0.4953,0.0027,35,0.1561
side_effect_classifier_baseline,unseen_side_effect,6,0.5497,0.0188,0.0819,0.0089,0.0768,0.0035,0.4707,0.0036,0.0925,0.0013,0.2604,0.0012,0.0611,0.0067,0.4941,0.0026,35,0.1388
side_effect_classifier_baseline,combined_stress,0,0.5184,0.0162,0.0934,0.0103,0.0812,0.0042,0.4673,0.0031,0.097,0.0011,0.2684,0.0014,0.0656,0.007,0.4873,0.0028,35,0.1432
side_effect_classifier_baseline,combined_stress,1,0.5184,0.02,0.0926,0.0107,0.0792,0.0036,0.4689,0.0038,0.0976,0.0013,0.2684,0.0014,0.0661,0.0071,0.4871,0.0027,35,0.15
side_effect_classifier_baseline,combined_stress,2,0.5136,0.0219,0.0926,0.0107,0.0794,0.0042,0.4728,0.0034,0.0975,0.0011,0.2684,0.0014,0.0661,0.0071,0.489,0.002,35,0.1524
side_effect_classifier_baseline,combined_stress,3,0.5003,0.0213,0.0917,0.0105,0.0791,0.0037,0.4673,0.0037,0.097,0.0013,0.2684,0.0014,0.0646,0.0069,0.486,0.0027,35,0.1786
side_effect_classifier_baseline,combined_stress,4,0.5218,0.0205,0.092,0.0102,0.078,0.0042,0.4699,0.0032,0.0976,0.0012,0.2684,0.0014,0.0657,0.0072,0.4876,0.0025,35,0.1463
side_effect_classifier_baseline,combined_stress,5,0.5255,0.0201,0.092,0.0105,0.0779,0.0038,0.47,0.003,0.0977,0.0014,0.2684,0.0014,0.0667,0.0069,0.4878,0.0019,35,0.1639
side_effect_classifier_baseline,combined_stress,6,0.5099,0.0146,0.0917,0.0103,0.0782,0.0038,0.4701,0.0033,0.0977,0.0012,0.2684,0.0014,0.0646,0.0069,0.4851,0.0023,35,0.1633
proposed_side_effect_preference_model,nominal,0,0.6639,0.0183,0.0319,0.0031,0.061,0.002,0.6457,0.0026,0.0677,0.0012,0.2001,0.0008,0.0381,0.0026,0.6557,0.0025,35,0.0772
proposed_side_effect_preference_model,nominal,1,0.6568,0.0162,0.0309,0.0034,0.06,0.0021,0.6416,0.0027,0.069,0.0011,0.2001,0.0008,0.0382,0.0022,0.6556,0.0027,35,0.0776
proposed_side_effect_preference_model,nominal,2,0.65,0.0173,0.0307,0.0034,0.059,0.0021,0.6393,0.0035,0.0698,0.0015,0.2001,0.0008,0.0362,0.0028,0.6569,0.0025,35,0.1078
proposed_side_effect_preference_model,nominal,3,0.6622,0.0168,0.0318,0.0033,0.0588,0.0017,0.6477,0.0034,0.0698,0.0014,0.2001,0.0008,0.0356,0.0027,0.6564,0.0031,35,0.0677
proposed_side_effect_preference_model,nominal,4,0.6578,0.0153,0.0314,0.0034,0.0602,0.0018,0.6421,0.0032,0.0688,0.0011,0.2001,0.0008,0.0375,0.0023,0.658,0.0021,35,0.0908
proposed_side_effect_preference_model,nominal,5,0.6694,0.0172,0.032,0.0036,0.0605,0.0018,0.6417,0.0026,0.07,0.0011,0.2001,0.0008,0.0372,0.0027,0.6571,0.0024,35,0.0772
proposed_side_effect_preference_model,nominal,6,0.666,0.0193,0.0308,0.0031,0.0594,0.0017,0.6421,0.0034,0.0691,0.0014,0.2001,0.0008,0.0373,0.0025,0.6579,0.0026,35,0.0759
proposed_side_effect_preference_model,seen_shift,0,0.6405,0.0183,0.036,0.004,0.0619,0.0019,0.6302,0.0033,0.0762,0.0014,0.2103,0.001,0.0418,0.003,0.6449,0.0028,35,0.0895
proposed_side_effect_preference_model,seen_shift,1,0.6224,0.0157,0.0368,0.0037,0.0641,0.0017,0.6323,0.0033,0.0746,0.0014,0.2103,0.001,0.0405,0.003,0.6434,0.0032,35,0.0891
proposed_side_effect_preference_model,seen_shift,2,0.6146,0.0162,0.0381,0.0039,0.0623,0.0019,0.6323,0.0033,0.0753,0.0011,0.2103,0.001,0.04,0.0034,0.6453,0.0032,35,0.0959
proposed_side_effect_preference_model,seen_shift,3,0.6252,0.0184,0.0365,0.0043,0.0627,0.002,0.6296,0.0028,0.0748,0.0014,0.2103,0.001,0.0406,0.003,0.646,0.0024,35,0.085
proposed_side_effect_preference_model,seen_shift,4,0.6279,0.0187,0.0362,0.0038,0.0629,0.0019,0.6285,0.0031,0.0762,0.0013,0.2103,0.001,0.0407,0.0028,0.6439,0.0026,35,0.0976
proposed_side_effect_preference_model,seen_shift,5,0.6194,0.0182,0.0371,0.0042,0.0617,0.0024,0.6296,0.0032,0.074,0.0012,0.2103,0.001,0.0422,0.0031,0.6452,0.0023,35,0.0969
proposed_side_effect_preference_model,seen_shift,6,0.6259,0.0199,0.0368,0.0039,0.062,0.0022,0.6314,0.003,0.0751,0.0016,0.2103,0.001,0.0407,0.003,0.6464,0.0028,35,0.0898
proposed_side_effect_preference_model,unseen_object,0,0.6122,0.0162,0.0432,0.0048,0.0657,0.0024,0.6223,0.0037,0.079,0.0013,0.2154,0.0011,0.0431,0.0038,0.6425,0.0027,35,0.0799
proposed_side_effect_preference_model,unseen_object,1,0.615,0.0191,0.0431,0.0053,0.0636,0.0019,0.6234,0.0036,0.0766,0.0013,0.2154,0.0011,0.0434,0.0035,0.6422,0.0024,35,0.0976
proposed_side_effect_preference_model,unseen_object,2,0.6272,0.0211,0.0428,0.0048,0.0635,0.002,0.6213,0.0032,0.0785,0.0014,0.2154,0.0011,0.0417,0.0029,0.6401,0.0025,35,0.0772
proposed_side_effect_preference_model,unseen_object,3,0.6095,0.0209,0.0432,0.005,0.0655,0.002,0.6225,0.0035,0.0779,0.0016,0.2154,0.0011,0.0419,0.0036,0.6399,0.0027,35,0.0997
proposed_side_effect_preference_model,unseen_object,4,0.6361,0.018,0.0416,0.0047,0.0633,0.002,0.6265,0.0031,0.0776,0.0015,0.2154,0.0011,0.0414,0.003,0.641,0.0024,35,0.0823
proposed_side_effect_preference_model,unseen_object,5,0.6364,0.0191,0.0422,0.0049,0.0639,0.0021,0.6221,0.0034,0.0777,0.0012,0.2154,0.0011,0.0423,0.0032,0.6422,0.0028,35,0.0643
proposed_side_effect_preference_model,unseen_object,6,0.6129,0.0158,0.043,0.0049,0.065,0.0024,0.6248,0.0033,0.0771,0.0011,0.2154,0.0011,0.0436,0.0034,0.6412,0.0026,35,0.0827
proposed_side_effect_preference_model,unseen_side_effect,0,0.6007,0.017,0.043,0.0049,0.0641,0.0021,0.6024,0.0035,0.082,0.0014,0.2197,0.0012,0.0457,0.0036,0.6372,0.0024,35,0.0762
proposed_side_effect_preference_model,unseen_side_effect,1,0.5986,0.0205,0.0437,0.0046,0.0646,0.002,0.6023,0.0034,0.0793,0.0014,0.2197,0.0012,0.046,0.0039,0.6372,0.0023,35,0.0793
proposed_side_effect_preference_model,unseen_side_effect,2,0.5799,0.018,0.043,0.005,0.0646,0.0021,0.6025,0.004,0.0811,0.0012,0.2197,0.0012,0.0449,0.0041,0.6337,0.0022,35,0.1187
proposed_side_effect_preference_model,unseen_side_effect,3,0.5969,0.0185,0.0439,0.0047,0.0632,0.0022,0.5988,0.0026,0.0794,0.0012,0.2197,0.0012,0.0453,0.0038,0.6362,0.0026,35,0.0898
proposed_side_effect_preference_model,unseen_side_effect,4,0.6075,0.0203,0.0435,0.0049,0.0647,0.0025,0.5997,0.0031,0.0797,0.001,0.2197,0.0012,0.0463,0.0039,0.6335,0.0024,35,0.0867
proposed_side_effect_preference_model,unseen_side_effect,5,0.5952,0.019,0.0446,0.0051,0.0657,0.0023,0.6061,0.0031,0.0806,0.0015,0.2197,0.0012,0.0453,0.0039,0.6348,0.0027,35,0.1051
proposed_side_effect_preference_model,unseen_side_effect,6,0.5901,0.0162,0.0442,0.0049,0.0634,0.0019,0.6038,0.0041,0.0801,0.0011,0.2197,0.0012,0.0451,0.0037,0.6361,0.0031,35,0.0983
proposed_side_effect_preference_model,combined_stress,0,0.5983,0.0171,0.0478,0.0056,0.0672,0.0025,0.6012,0.0032,0.0852,0.0014,0.2277,0.0014,0.0459,0.0042,0.6254,0.0026,35,0.0633
proposed_side_effect_preference_model,combined_stress,1,0.5895,0.0189,0.0472,0.0054,0.0673,0.0024,0.6022,0.0035,0.0844,0.0012,0.2277,0.0014,0.0469,0.0042,0.6242,0.0022,35,0.0789
proposed_side_effect_preference_model,combined_stress,2,0.5782,0.0182,0.0496,0.0057,0.067,0.0026,0.6009,0.0033,0.0861,0.0014,0.2277,0.0014,0.0466,0.0038,0.6248,0.003,35,0.0878
proposed_side_effect_preference_model,combined_stress,3,0.5806,0.0158,0.0491,0.0061,0.0679,0.0028,0.6023,0.0031,0.0861,0.0013,0.2277,0.0014,0.047,0.0045,0.6251,0.0027,35,0.0983
proposed_side_effect_preference_model,combined_stress,4,0.5677,0.0195,0.0478,0.0056,0.0665,0.0018,0.6008,0.0039,0.085,0.001,0.2277,0.0014,0.0476,0.0038,0.6276,0.0024,35,0.1003
proposed_side_effect_preference_model,combined_stress,5,0.5786,0.0179,0.0477,0.0059,0.0667,0.0028,0.5999,0.0034,0.084,0.0011,0.2277,0.0014,0.0473,0.0041,0.6262,0.0023,35,0.1109
proposed_side_effect_preference_model,combined_stress,6,0.5755,0.023,0.0483,0.0057,0.067,0.0022,0.6026,0.0024,0.0846,0.0008,0.2277,0.0014,0.0487,0.004,0.6254,0.002,35,0.0976
oracle_side_effect_preference_judge,nominal,0,0.7412,0.016,0.011,0.0017,0.0527,0.0014,0.7154,0.0033,0.0456,0.0014,0.1773,0.0008,0.0283,0.0016,0.7296,0.0029,35,0.0
oracle_side_effect_preference_judge,nominal,1,0.7344,0.0177,0.0099,0.0021,0.0533,0.0013,0.7128,0.0028,0.0453,0.0014,0.1773,0.0008,0.0299,0.0016,0.7322,0.0026,35,0.0
oracle_side_effect_preference_judge,nominal,2,0.7578,0.0113,0.0112,0.0018,0.0541,0.0011,0.7087,0.0033,0.0449,0.0012,0.1773,0.0008,0.0298,0.0013,0.732,0.0025,35,0.0
oracle_side_effect_preference_judge,nominal,3,0.7299,0.0153,0.0096,0.0017,0.0521,0.0015,0.7119,0.0026,0.0454,0.0015,0.1773,0.0008,0.028,0.0015,0.7306,0.0023,35,0.0
oracle_side_effect_preference_judge,nominal,4,0.7486,0.0199,0.0104,0.0022,0.0544,0.0012,0.7162,0.003,0.0453,0.0013,0.1773,0.0008,0.0296,0.0017,0.7326,0.0027,35,0.0
oracle_side_effect_preference_judge,nominal,5,0.7466,0.0177,0.0102,0.002,0.0545,0.0016,0.7137,0.0025,0.0451,0.0013,0.1773,0.0008,0.0293,0.0013,0.7322,0.0029,35,0.0
oracle_side_effect_preference_judge,nominal,6,0.7418,0.0179,0.0118,0.002,0.0531,0.0012,0.7166,0.0038,0.0454,0.0014,0.1773,0.0008,0.0283,0.0016,0.7312,0.0025,35,0.0
oracle_side_effect_preference_judge,seen_shift,0,0.7299,0.0178,0.0131,0.0018,0.0543,0.0013,0.702,0.0038,0.0511,0.0016,0.1875,0.001,0.031,0.0019,0.7212,0.0027,35,0.0
oracle_side_effect_preference_judge,seen_shift,1,0.7116,0.0154,0.0125,0.0019,0.0543,0.0013,0.7024,0.0034,0.0527,0.0012,0.1875,0.001,0.0303,0.0019,0.7199,0.0027,35,0.0
oracle_side_effect_preference_judge,seen_shift,2,0.7105,0.0142,0.0119,0.002,0.0547,0.0014,0.6983,0.0037,0.0515,0.0012,0.1875,0.001,0.0301,0.0015,0.7221,0.0029,35,0.0
oracle_side_effect_preference_judge,seen_shift,3,0.7102,0.0164,0.0118,0.0021,0.0542,0.0016,0.7,0.003,0.0504,0.0014,0.1875,0.001,0.0293,0.0021,0.7185,0.0025,35,0.0
oracle_side_effect_preference_judge,seen_shift,4,0.7255,0.0175,0.0133,0.0019,0.054,0.0012,0.6963,0.0033,0.0524,0.0014,0.1875,0.001,0.0306,0.0018,0.7175,0.003,35,0.0
oracle_side_effect_preference_judge,seen_shift,5,0.7163,0.0163,0.0125,0.0019,0.055,0.0015,0.7032,0.003,0.0519,0.0015,0.1875,0.001,0.0293,0.0019,0.7203,0.0029,35,0.0
oracle_side_effect_preference_judge,seen_shift,6,0.7156,0.0175,0.0128,0.0018,0.0547,0.0016,0.7002,0.0032,0.0517,0.0012,0.1875,0.001,0.0308,0.0014,0.7185,0.0027,35,0.0
oracle_side_effect_preference_judge,unseen_object,0,0.6922,0.0157,0.0127,0.0022,0.055,0.0014,0.6933,0.0038,0.0546,0.0015,0.1926,0.0011,0.0309,0.0017,0.7127,0.0029,35,0.0
oracle_side_effect_preference_judge,unseen_object,1,0.7126,0.0176,0.0141,0.0021,0.0541,0.0012,0.6927,0.0032,0.0548,0.0013,0.1926,0.0011,0.0323,0.0016,0.7171,0.0026,35,0.0
oracle_side_effect_preference_judge,unseen_object,2,0.7044,0.0206,0.0158,0.0022,0.0547,0.0016,0.6941,0.0037,0.0535,0.0014,0.1926,0.0011,0.0315,0.0017,0.7145,0.0029,35,0.0
oracle_side_effect_preference_judge,unseen_object,3,0.7092,0.0178,0.0146,0.0017,0.0559,0.0015,0.6955,0.0028,0.054,0.0014,0.1926,0.0011,0.031,0.0015,0.7135,0.0028,35,0.0
oracle_side_effect_preference_judge,unseen_object,4,0.7184,0.0188,0.013,0.0023,0.0538,0.0015,0.6924,0.0034,0.0553,0.0015,0.1926,0.0011,0.0322,0.0019,0.715,0.0035,35,0.0
oracle_side_effect_preference_judge,unseen_object,5,0.7007,0.0175,0.0149,0.0022,0.0538,0.0013,0.6947,0.0027,0.0535,0.0013,0.1926,0.0011,0.0312,0.0014,0.7155,0.0022,35,0.0
oracle_side_effect_preference_judge,unseen_object,6,0.6956,0.0191,0.0145,0.0021,0.0558,0.0016,0.693,0.0041,0.053,0.0015,0.1926,0.0011,0.0312,0.0019,0.7158,0.0033,35,0.0
oracle_side_effect_preference_judge,unseen_side_effect,0,0.6769,0.016,0.0162,0.0023,0.055,0.0013,0.6714,0.003,0.056,0.0011,0.197,0.0012,0.0331,0.0018,0.7104,0.0023,35,0.0
oracle_side_effect_preference_judge,unseen_side_effect,1,0.6779,0.0163,0.0151,0.0024,0.0546,0.0017,0.6712,0.0037,0.0559,0.0013,0.197,0.0012,0.0318,0.0021,0.7068,0.0024,35,0.0
oracle_side_effect_preference_judge,unseen_side_effect,2,0.6986,0.0155,0.0162,0.0021,0.0558,0.002,0.6668,0.004,0.0558,0.0013,0.197,0.0012,0.0332,0.0018,0.7107,0.0024,35,0.0
oracle_side_effect_preference_judge,unseen_side_effect,3,0.6867,0.0204,0.016,0.0026,0.0552,0.0019,0.6731,0.0031,0.0571,0.001,0.197,0.0012,0.0321,0.002,0.7114,0.0022,35,0.0
oracle_side_effect_preference_judge,unseen_side_effect,4,0.6942,0.0171,0.0152,0.0024,0.0559,0.0017,0.6716,0.003,0.0564,0.0017,0.197,0.0012,0.0341,0.0019,0.7098,0.0024,35,0.0
oracle_side_effect_preference_judge,unseen_side_effect,5,0.7003,0.014,0.0146,0.0023,0.0547,0.0015,0.6723,0.0031,0.0553,0.0014,0.197,0.0012,0.0335,0.0022,0.7076,0.0026,35,0.0
oracle_side_effect_preference_judge,unseen_side_effect,6,0.6884,0.0202,0.0146,0.0026,0.0555,0.0015,0.6699,0.0025,0.0562,0.0014,0.197,0.0012,0.032,0.0019,0.7118,0.0024,35,0.0
oracle_side_effect_preference_judge,combined_stress,0,0.6616,0.0153,0.0163,0.0025,0.0542,0.0016,0.6726,0.0033,0.0616,0.0014,0.205,0.0014,0.0331,0.0018,0.7015,0.0025,35,0.0
oracle_side_effect_preference_judge,combined_stress,1,0.6684,0.0168,0.0162,0.0022,0.0548,0.0013,0.6702,0.0033,0.0618,0.0017,0.205,0.0014,0.0335,0.0021,0.7046,0.0028,35,0.0
oracle_side_effect_preference_judge,combined_stress,2,0.666,0.0173,0.0165,0.0022,0.0558,0.0015,0.6726,0.0035,0.0597,0.0012,0.205,0.0014,0.0337,0.002,0.7,0.0025,35,0.0
oracle_side_effect_preference_judge,combined_stress,3,0.6789,0.0136,0.0168,0.002,0.0557,0.0013,0.6701,0.0033,0.0612,0.0012,0.205,0.0014,0.0322,0.002,0.7001,0.0026,35,0.0
oracle_side_effect_preference_judge,combined_stress,4,0.668,0.0188,0.0159,0.0025,0.0561,0.0013,0.6731,0.0028,0.0615,0.0013,0.205,0.0014,0.0323,0.0017,0.6971,0.0021,35,0.0
oracle_side_effect_preference_judge,combined_stress,5,0.6895,0.0163,0.016,0.0027,0.0554,0.0016,0.6711,0.0041,0.0619,0.0016,0.205,0.0014,0.034,0.0021,0.7003,0.0022,35,0.0
oracle_side_effect_preference_judge,combined_stress,6,0.6731,0.0174,0.0176,0.0025,0.0564,0.0017,0.6712,0.0032,0.0602,0.0011,0.205,0.0014,0.0335,0.0019,0.6995,0.0025,35,0.0
